date,sunrise_hour,sunset_hour
2020-01-01,2020-01-01 08:46:00,2020-01-01 17:02:00
2020-01-02,2020-01-02 08:46:00,2020-01-02 17:03:00
2020-01-03,2020-01-03 08:46:00,2020-01-03 17:04:00
2020-01-04,2020-01-04 08:45:00,2020-01-04 17:05:00
2020-01-05,2020-01-05 08:45:00,2020-01-05 17:07:00
2020-01-06,2020-01-06 08:45:00,2020-01-06 17:08:00
2020-01-07,2020-01-07 08:45:00,2020-01-07 17:09:00
2020-01-08,2020-01-08 08:44:00,2020-01-08 17:10:00
2020-01-09,2020-01-09 08:44:00,2020-01-09 17:11:00
2020-01-10,2020-01-10 08:44:00,2020-01-10 17:13:00
2020-01-11,2020-01-11 08:43:00,2020-01-11 17:14:00
2020-01-12,2020-01-12 08:43:00,2020-01-12 17:15:00
2020-01-13,2020-01-13 08:42:00,2020-01-13 17:17:00
2020-01-14,2020-01-14 08:41:00,2020-01-14 17:18:00
2020-01-15,2020-01-15 08:41:00,2020-01-15 17:19:00
2020-01-16,2020-01-16 08:40:00,2020-01-16 17:21:00
2020-01-17,2020-01-17 08:39:00,2020-01-17 17:22:00
2020-01-18,2020-01-18 08:38:00,2020-01-18 17:24:00
2020-01-19,2020-01-19 08:38:00,2020-01-19 17:25:00
2020-01-20,2020-01-20 08:37:00,2020-01-20 17:27:00
2020-01-21,2020-01-21 08:36:00,2020-01-21 17:28:00
2020-01-22,2020-01-22 08:35:00,2020-01-22 17:30:00
2020-01-23,2020-01-23 08:34:00,2020-01-23 17:31:00
2020-01-24,2020-01-24 08:33:00,2020-01-24 17:33:00
2020-01-25,2020-01-25 08:32:00,2020-01-25 17:34:00
2020-01-26,2020-01-26 08:31:00,2020-01-26 17:36:00
2020-01-27,2020-01-27 08:29:00,2020-01-27 17:38:00
2020-01-28,2020-01-28 08:28:00,2020-01-28 17:39:00
2020-01-29,2020-01-29 08:27:00,2020-01-29 17:41:00
2020-01-30,2020-01-30 08:26:00,2020-01-30 17:43:00
2020-01-31,2020-01-31 08:24:00,2020-01-31 17:44:00
2020-02-01,2020-02-01 08:23:00,2020-02-01 17:46:00
2020-02-02,2020-02-02 08:22:00,2020-02-02 17:47:00
2020-02-03,2020-02-03 08:20:00,2020-02-03 17:49:00
2020-02-04,2020-02-04 08:19:00,2020-02-04 17:51:00
2020-02-05,2020-02-05 08:17:00,2020-02-05 17:52:00
2020-02-06,2020-02-06 08:16:00,2020-02-06 17:54:00
2020-02-07,2020-02-07 08:14:00,2020-02-07 17:56:00
2020-02-08,2020-02-08 08:13:00,2020-02-08 17:57:00
2020-02-09,2020-02-09 08:11:00,2020-02-09 17:59:00
2020-02-10,2020-02-10 08:10:00,2020-02-10 18:01:00
2020-02-11,2020-02-11 08:08:00,2020-02-11 18:02:00
2020-02-12,2020-02-12 08:06:00,2020-02-12 18:04:00
2020-02-13,2020-02-13 08:05:00,2020-02-13 18:06:00
2020-02-14,2020-02-14 08:03:00,2020-02-14 18:07:00
2020-02-15,2020-02-15 08:01:00,2020-02-15 18:09:00
2020-02-16,2020-02-16 07:59:00,2020-02-16 18:11:00
2020-02-17,2020-02-17 07:58:00,2020-02-17 18:12:00
2020-02-18,2020-02-18 07:56:00,2020-02-18 18:14:00
2020-02-19,2020-02-19 07:54:00,2020-02-19 18:16:00
2020-02-20,2020-02-20 07:52:00,2020-02-20 18:17:00
2020-02-21,2020-02-21 07:51:00,2020-02-21 18:19:00
2020-02-22,2020-02-22 07:49:00,2020-02-22 18:20:00
2020-02-23,2020-02-23 07:47:00,2020-02-23 18:22:00
2020-02-24,2020-02-24 07:45:00,2020-02-24 18:24:00
2020-02-25,2020-02-25 07:43:00,2020-02-25 18:25:00
2020-02-26,2020-02-26 07:41:00,2020-02-26 18:27:00
2020-02-27,2020-02-27 07:39:00,2020-02-27 18:29:00
2020-02-28,2020-02-28 07:37:00,2020-02-28 18:30:00
2020-02-29,2020-02-29 07:35:00,2020-02-29 18:32:00
2020-03-01,2020-03-01 07:33:00,2020-03-01 18:33:00
2020-03-02,2020-03-02 07:31:00,2020-03-02 18:35:00
2020-03-03,2020-03-03 07:29:00,2020-03-03 18:36:00
2020-03-04,2020-03-04 07:27:00,2020-03-04 18:38:00
2020-03-05,2020-03-05 07:25:00,2020-03-05 18:40:00
2020-03-06,2020-03-06 07:23:00,2020-03-06 18:41:00
2020-03-07,2020-03-07 07:21:00,2020-03-07 18:43:00
2020-03-08,2020-03-08 07:19:00,2020-03-08 18:44:00
2020-03-09,2020-03-09 07:17:00,2020-03-09 18:46:00
2020-03-10,2020-03-10 07:15:00,2020-03-10 18:47:00
2020-03-11,2020-03-11 07:13:00,2020-03-11 18:49:00
2020-03-12,2020-03-12 07:11:00,2020-03-12 18:50:00
2020-03-13,2020-03-13 07:09:00,2020-03-13 18:52:00
2020-03-14,2020-03-14 07:07:00,2020-03-14 18:54:00
2020-03-15,2020-03-15 07:05:00,2020-03-15 18:55:00
2020-03-16,2020-03-16 07:03:00,2020-03-16 18:57:00
2020-03-17,2020-03-17 07:01:00,2020-03-17 18:58:00
2020-03-18,2020-03-18 06:58:00,2020-03-18 18:59:00
2020-03-19,2020-03-19 06:56:00,2020-03-19 19:01:00
2020-03-20,2020-03-20 06:54:00,2020-03-20 19:03:00
2020-03-21,2020-03-21 06:52:00,2020-03-21 19:04:00
2020-03-22,2020-03-22 06:50:00,2020-03-22 19:06:00
2020-03-23,2020-03-23 06:48:00,2020-03-23 19:07:00
2020-03-24,2020-03-24 06:46:00,2020-03-24 19:09:00
2020-03-25,2020-03-25 06:44:00,2020-03-25 19:10:00
2020-03-26,2020-03-26 06:42:00,2020-03-26 19:12:00
2020-03-27,2020-03-27 06:40:00,2020-03-27 19:13:00
2020-03-28,2020-03-28 06:37:00,2020-03-28 19:15:00
2020-03-29,2020-03-29 07:35:00,2020-03-29 20:16:00
2020-03-30,2020-03-30 07:33:00,2020-03-30 20:18:00
2020-03-31,2020-03-31 07:31:00,2020-03-31 20:19:00
2020-04-01,2020-04-01 07:29:00,2020-04-01 20:21:00
2020-04-02,2020-04-02 07:27:00,2020-04-02 20:22:00
2020-04-03,2020-04-03 07:25:00,2020-04-03 20:24:00
2020-04-04,2020-04-04 07:23:00,2020-04-04 20:25:00
2020-04-05,2020-04-05 07:21:00,2020-04-05 20:27:00
2020-04-06,2020-04-06 07:19:00,2020-04-06 20:28:00
2020-04-07,2020-04-07 07:17:00,2020-04-07 20:30:00
2020-04-08,2020-04-08 07:15:00,2020-04-08 20:31:00
2020-04-09,2020-04-09 07:13:00,2020-04-09 20:33:00
2020-04-10,2020-04-10 07:11:00,2020-04-10 20:34:00
2020-04-11,2020-04-11 07:09:00,2020-04-11 20:36:00
2020-04-12,2020-04-12 07:07:00,2020-04-12 20:37:00
2020-04-13,2020-04-13 07:05:00,2020-04-13 20:39:00
2020-04-14,2020-04-14 07:03:00,2020-04-14 20:40:00
2020-04-15,2020-04-15 07:01:00,2020-04-15 20:42:00
2020-04-16,2020-04-16 06:59:00,2020-04-16 20:43:00
2020-04-17,2020-04-17 06:57:00,2020-04-17 20:45:00
2020-04-18,2020-04-18 06:55:00,2020-04-18 20:46:00
2020-04-19,2020-04-19 06:53:00,2020-04-19 20:47:00
2020-04-20,2020-04-20 06:51:00,2020-04-20 20:49:00
2020-04-21,2020-04-21 06:49:00,2020-04-21 20:50:00
2020-04-22,2020-04-22 06:47:00,2020-04-22 20:52:00
2020-04-23,2020-04-23 06:45:00,2020-04-23 20:53:00
2020-04-24,2020-04-24 06:44:00,2020-04-24 20:55:00
2020-04-25,2020-04-25 06:42:00,2020-04-25 20:56:00
2020-04-26,2020-04-26 06:40:00,2020-04-26 20:58:00
2020-04-27,2020-04-27 06:38:00,2020-04-27 20:59:00
2020-04-28,2020-04-28 06:36:00,2020-04-28 21:01:00
2020-04-29,2020-04-29 06:35:00,2020-04-29 21:02:00
2020-04-30,2020-04-30 06:33:00,2020-04-30 21:04:00
2020-05-01,2020-05-01 06:31:00,2020-05-01 21:05:00
2020-05-02,2020-05-02 06:30:00,2020-05-02 21:07:00
2020-05-03,2020-05-03 06:28:00,2020-05-03 21:08:00
2020-05-04,2020-05-04 06:26:00,2020-05-04 21:09:00
2020-05-05,2020-05-05 06:25:00,2020-05-05 21:11:00
2020-05-06,2020-05-06 06:23:00,2020-05-06 21:12:00
2020-05-07,2020-05-07 06:22:00,2020-05-07 21:14:00
2020-05-08,2020-05-08 06:20:00,2020-05-08 21:15:00
2020-05-09,2020-05-09 06:19:00,2020-05-09 21:17:00
2020-05-10,2020-05-10 06:17:00,2020-05-10 21:18:00
2020-05-11,2020-05-11 06:16:00,2020-05-11 21:19:00
2020-05-12,2020-05-12 06:14:00,2020-05-12 21:21:00
2020-05-13,2020-05-13 06:13:00,2020-05-13 21:22:00
2020-05-14,2020-05-14 06:11:00,2020-05-14 21:23:00
2020-05-15,2020-05-15 06:10:00,2020-05-15 21:25:00
2020-05-16,2020-05-16 06:09:00,2020-05-16 21:26:00
2020-05-17,2020-05-17 06:08:00,2020-05-17 21:27:00
2020-05-18,2020-05-18 06:06:00,2020-05-18 21:29:00
2020-05-19,2020-05-19 06:05:00,2020-05-19 21:30:00
2020-05-20,2020-05-20 06:04:00,2020-05-20 21:31:00
2020-05-21,2020-05-21 06:03:00,2020-05-21 21:32:00
2020-05-22,2020-05-22 06:02:00,2020-05-22 21:34:00
2020-05-23,2020-05-23 06:01:00,2020-05-23 21:35:00
2020-05-24,2020-05-24 05:59:00,2020-05-24 21:36:00
2020-05-25,2020-05-25 05:59:00,2020-05-25 21:37:00
2020-05-26,2020-05-26 05:58:00,2020-05-26 21:38:00
2020-05-27,2020-05-27 05:57:00,2020-05-27 21:39:00
2020-05-28,2020-05-28 05:56:00,2020-05-28 21:40:00
2020-05-29,2020-05-29 05:55:00,2020-05-29 21:41:00
2020-05-30,2020-05-30 05:55:00,2020-05-30 21:42:00
2020-05-31,2020-05-31 05:54:00,2020-05-31 21:43:00
2020-06-01,2020-06-01 05:53:00,2020-06-01 21:44:00
2020-06-02,2020-06-02 05:53:00,2020-06-02 21:45:00
2020-06-03,2020-06-03 05:52:00,2020-06-03 21:46:00
2020-06-04,2020-06-04 05:51:00,2020-06-04 21:47:00
2020-06-05,2020-06-05 05:51:00,2020-06-05 21:48:00
2020-06-06,2020-06-06 05:51:00,2020-06-06 21:49:00
2020-06-07,2020-06-07 05:50:00,2020-06-07 21:50:00
2020-06-08,2020-06-08 05:50:00,2020-06-08 21:50:00
2020-06-09,2020-06-09 05:49:00,2020-06-09 21:51:00
2020-06-10,2020-06-10 05:49:00,2020-06-10 21:52:00
2020-06-11,2020-06-11 05:49:00,2020-06-11 21:52:00
2020-06-12,2020-06-12 05:49:00,2020-06-12 21:53:00
2020-06-13,2020-06-13 05:49:00,2020-06-13 21:53:00
2020-06-14,2020-06-14 05:48:00,2020-06-14 21:54:00
2020-06-15,2020-06-15 05:48:00,2020-06-15 21:54:00
2020-06-16,2020-06-16 05:48:00,2020-06-16 21:55:00
2020-06-17,2020-06-17 05:48:00,2020-06-17 21:55:00
2020-06-18,2020-06-18 05:48:00,2020-06-18 21:55:00
2020-06-19,2020-06-19 05:49:00,2020-06-19 21:56:00
2020-06-20,2020-06-20 05:49:00,2020-06-20 21:56:00
2020-06-21,2020-06-21 05:49:00,2020-06-21 21:56:00
2020-06-22,2020-06-22 05:49:00,2020-06-22 21:56:00
2020-06-23,2020-06-23 05:49:00,2020-06-23 21:56:00
2020-06-24,2020-06-24 05:50:00,2020-06-24 21:57:00
2020-06-25,2020-06-25 05:50:00,2020-06-25 21:57:00
2020-06-26,2020-06-26 05:51:00,2020-06-26 21:56:00
2020-06-27,2020-06-27 05:51:00,2020-06-27 21:56:00
2020-06-28,2020-06-28 05:52:00,2020-06-28 21:56:00
2020-06-29,2020-06-29 05:52:00,2020-06-29 21:56:00
2020-06-30,2020-06-30 05:53:00,2020-06-30 21:56:00
2020-07-01,2020-07-01 05:53:00,2020-07-01 21:56:00
2020-07-02,2020-07-02 05:54:00,2020-07-02 21:55:00
2020-07-03,2020-07-03 05:55:00,2020-07-03 21:55:00
2020-07-04,2020-07-04 05:55:00,2020-07-04 21:55:00
2020-07-05,2020-07-05 05:56:00,2020-07-05 21:54:00
2020-07-06,2020-07-06 05:57:00,2020-07-06 21:54:00
2020-07-07,2020-07-07 05:58:00,2020-07-07 21:53:00
2020-07-08,2020-07-08 05:59:00,2020-07-08 21:53:00
2020-07-09,2020-07-09 05:59:00,2020-07-09 21:52:00
2020-07-10,2020-07-10 06:00:00,2020-07-10 21:51:00
2020-07-11,2020-07-11 06:01:00,2020-07-11 21:51:00
2020-07-12,2020-07-12 06:02:00,2020-07-12 21:50:00
2020-07-13,2020-07-13 06:03:00,2020-07-13 21:49:00
2020-07-14,2020-07-14 06:04:00,2020-07-14 21:48:00
2020-07-15,2020-07-15 06:05:00,2020-07-15 21:47:00
2020-07-16,2020-07-16 06:06:00,2020-07-16 21:46:00
2020-07-17,2020-07-17 06:08:00,2020-07-17 21:46:00
2020-07-18,2020-07-18 06:09:00,2020-07-18 21:45:00
2020-07-19,2020-07-19 06:10:00,2020-07-19 21:44:00
2020-07-20,2020-07-20 06:11:00,2020-07-20 21:42:00
2020-07-21,2020-07-21 06:12:00,2020-07-21 21:41:00
2020-07-22,2020-07-22 06:13:00,2020-07-22 21:40:00
2020-07-23,2020-07-23 06:15:00,2020-07-23 21:39:00
2020-07-24,2020-07-24 06:16:00,2020-07-24 21:38:00
2020-07-25,2020-07-25 06:17:00,2020-07-25 21:37:00
2020-07-26,2020-07-26 06:18:00,2020-07-26 21:35:00
2020-07-27,2020-07-27 06:20:00,2020-07-27 21:34:00
2020-07-28,2020-07-28 06:21:00,2020-07-28 21:33:00
2020-07-29,2020-07-29 06:22:00,2020-07-29 21:31:00
2020-07-30,2020-07-30 06:23:00,2020-07-30 21:30:00
2020-07-31,2020-07-31 06:25:00,2020-07-31 21:28:00
2020-08-01,2020-08-01 06:26:00,2020-08-01 21:27:00
2020-08-02,2020-08-02 06:27:00,2020-08-02 21:26:00
2020-08-03,2020-08-03 06:29:00,2020-08-03 21:24:00
2020-08-04,2020-08-04 06:30:00,2020-08-04 21:22:00
2020-08-05,2020-08-05 06:31:00,2020-08-05 21:21:00
2020-08-06,2020-08-06 06:33:00,2020-08-06 21:19:00
2020-08-07,2020-08-07 06:34:00,2020-08-07 21:18:00
2020-08-08,2020-08-08 06:36:00,2020-08-08 21:16:00
2020-08-09,2020-08-09 06:37:00,2020-08-09 21:14:00
2020-08-10,2020-08-10 06:38:00,2020-08-10 21:13:00
2020-08-11,2020-08-11 06:40:00,2020-08-11 21:11:00
2020-08-12,2020-08-12 06:41:00,2020-08-12 21:09:00
2020-08-13,2020-08-13 06:43:00,2020-08-13 21:07:00
2020-08-14,2020-08-14 06:44:00,2020-08-14 21:06:00
2020-08-15,2020-08-15 06:45:00,2020-08-15 21:04:00
2020-08-16,2020-08-16 06:47:00,2020-08-16 21:02:00
2020-08-17,2020-08-17 06:48:00,2020-08-17 21:00:00
2020-08-18,2020-08-18 06:50:00,2020-08-18 20:58:00
2020-08-19,2020-08-19 06:51:00,2020-08-19 20:56:00
2020-08-20,2020-08-20 06:52:00,2020-08-20 20:55:00
2020-08-21,2020-08-21 06:54:00,2020-08-21 20:53:00
2020-08-22,2020-08-22 06:55:00,2020-08-22 20:51:00
2020-08-23,2020-08-23 06:57:00,2020-08-23 20:49:00
2020-08-24,2020-08-24 06:58:00,2020-08-24 20:47:00
2020-08-25,2020-08-25 06:59:00,2020-08-25 20:45:00
2020-08-26,2020-08-26 07:01:00,2020-08-26 20:43:00
2020-08-27,2020-08-27 07:02:00,2020-08-27 20:41:00
2020-08-28,2020-08-28 07:04:00,2020-08-28 20:39:00
2020-08-29,2020-08-29 07:05:00,2020-08-29 20:37:00
2020-08-30,2020-08-30 07:06:00,2020-08-30 20:35:00
2020-08-31,2020-08-31 07:08:00,2020-08-31 20:33:00
2020-09-01,2020-09-01 07:09:00,2020-09-01 20:31:00
2020-09-02,2020-09-02 07:11:00,2020-09-02 20:29:00
2020-09-03,2020-09-03 07:12:00,2020-09-03 20:27:00
2020-09-04,2020-09-04 07:14:00,2020-09-04 20:25:00
2020-09-05,2020-09-05 07:15:00,2020-09-05 20:22:00
2020-09-06,2020-09-06 07:16:00,2020-09-06 20:20:00
2020-09-07,2020-09-07 07:18:00,2020-09-07 20:18:00
2020-09-08,2020-09-08 07:19:00,2020-09-08 20:16:00
2020-09-09,2020-09-09 07:21:00,2020-09-09 20:14:00
2020-09-10,2020-09-10 07:22:00,2020-09-10 20:12:00
2020-09-11,2020-09-11 07:23:00,2020-09-11 20:10:00
2020-09-12,2020-09-12 07:25:00,2020-09-12 20:08:00
2020-09-13,2020-09-13 07:26:00,2020-09-13 20:06:00
2020-09-14,2020-09-14 07:28:00,2020-09-14 20:04:00
2020-09-15,2020-09-15 07:29:00,2020-09-15 20:01:00
2020-09-16,2020-09-16 07:30:00,2020-09-16 19:59:00
2020-09-17,2020-09-17 07:32:00,2020-09-17 19:57:00
2020-09-18,2020-09-18 07:33:00,2020-09-18 19:55:00
2020-09-19,2020-09-19 07:35:00,2020-09-19 19:53:00
2020-09-20,2020-09-20 07:36:00,2020-09-20 19:51:00
2020-09-21,2020-09-21 07:38:00,2020-09-21 19:49:00
2020-09-22,2020-09-22 07:39:00,2020-09-22 19:46:00
2020-09-23,2020-09-23 07:40:00,2020-09-23 19:44:00
2020-09-24,2020-09-24 07:42:00,2020-09-24 19:42:00
2020-09-25,2020-09-25 07:43:00,2020-09-25 19:40:00
2020-09-26,2020-09-26 07:45:00,2020-09-26 19:38:00
2020-09-27,2020-09-27 07:46:00,2020-09-27 19:36:00
2020-09-28,2020-09-28 07:48:00,2020-09-28 19:34:00
2020-09-29,2020-09-29 07:49:00,2020-09-29 19:32:00
2020-09-30,2020-09-30 07:51:00,2020-09-30 19:30:00
2020-10-01,2020-10-01 07:52:00,2020-10-01 19:27:00
2020-10-02,2020-10-02 07:53:00,2020-10-02 19:25:00
2020-10-03,2020-10-03 07:55:00,2020-10-03 19:23:00
2020-10-04,2020-10-04 07:56:00,2020-10-04 19:21:00
2020-10-05,2020-10-05 07:58:00,2020-10-05 19:19:00
2020-10-06,2020-10-06 07:59:00,2020-10-06 19:17:00
2020-10-07,2020-10-07 08:01:00,2020-10-07 19:15:00
2020-10-08,2020-10-08 08:02:00,2020-10-08 19:13:00
2020-10-09,2020-10-09 08:04:00,2020-10-09 19:11:00
2020-10-10,2020-10-10 08:05:00,2020-10-10 19:09:00
2020-10-11,2020-10-11 08:07:00,2020-10-11 19:07:00
2020-10-12,2020-10-12 08:08:00,2020-10-12 19:05:00
2020-10-13,2020-10-13 08:10:00,2020-10-13 19:03:00
2020-10-14,2020-10-14 08:11:00,2020-10-14 19:01:00
2020-10-15,2020-10-15 08:13:00,2020-10-15 18:59:00
2020-10-16,2020-10-16 08:14:00,2020-10-16 18:57:00
2020-10-17,2020-10-17 08:16:00,2020-10-17 18:55:00
2020-10-18,2020-10-18 08:18:00,2020-10-18 18:53:00
2020-10-19,2020-10-19 08:19:00,2020-10-19 18:51:00
2020-10-20,2020-10-20 08:21:00,2020-10-20 18:49:00
2020-10-21,2020-10-21 08:22:00,2020-10-21 18:48:00
2020-10-22,2020-10-22 08:24:00,2020-10-22 18:46:00
2020-10-23,2020-10-23 08:25:00,2020-10-23 18:44:00
2020-10-24,2020-10-24 08:27:00,2020-10-24 18:42:00
2020-10-25,2020-10-25 07:28:00,2020-10-25 17:40:00
2020-10-26,2020-10-26 07:30:00,2020-10-26 17:38:00
2020-10-27,2020-10-27 07:32:00,2020-10-27 17:37:00
2020-10-28,2020-10-28 07:33:00,2020-10-28 17:35:00
2020-10-29,2020-10-29 07:35:00,2020-10-29 17:33:00
2020-10-30,2020-10-30 07:36:00,2020-10-30 17:32:00
2020-10-31,2020-10-31 07:38:00,2020-10-31 17:30:00
2020-11-01,2020-11-01 07:40:00,2020-11-01 17:28:00
2020-11-02,2020-11-02 07:41:00,2020-11-02 17:27:00
2020-11-03,2020-11-03 07:43:00,2020-11-03 17:25:00
2020-11-04,2020-11-04 07:44:00,2020-11-04 17:24:00
2020-11-05,2020-11-05 07:46:00,2020-11-05 17:22:00
2020-11-06,2020-11-06 07:47:00,2020-11-06 17:20:00
2020-11-07,2020-11-07 07:49:00,2020-11-07 17:19:00
2020-11-08,2020-11-08 07:51:00,2020-11-08 17:18:00
2020-11-09,2020-11-09 07:52:00,2020-11-09 17:16:00
2020-11-10,2020-11-10 07:54:00,2020-11-10 17:15:00
2020-11-11,2020-11-11 07:55:00,2020-11-11 17:13:00
2020-11-12,2020-11-12 07:57:00,2020-11-12 17:12:00
2020-11-13,2020-11-13 07:59:00,2020-11-13 17:11:00
2020-11-14,2020-11-14 08:00:00,2020-11-14 17:10:00
2020-11-15,2020-11-15 08:02:00,2020-11-15 17:08:00
2020-11-16,2020-11-16 08:03:00,2020-11-16 17:07:00
2020-11-17,2020-11-17 08:05:00,2020-11-17 17:06:00
2020-11-18,2020-11-18 08:06:00,2020-11-18 17:05:00
2020-11-19,2020-11-19 08:08:00,2020-11-19 17:04:00
2020-11-20,2020-11-20 08:09:00,2020-11-20 17:03:00
2020-11-21,2020-11-21 08:11:00,2020-11-21 17:02:00
2020-11-22,2020-11-22 08:12:00,2020-11-22 17:01:00
2020-11-23,2020-11-23 08:14:00,2020-11-23 17:00:00
2020-11-24,2020-11-24 08:15:00,2020-11-24 16:59:00
2020-11-25,2020-11-25 08:17:00,2020-11-25 16:59:00
2020-11-26,2020-11-26 08:18:00,2020-11-26 16:58:00
2020-11-27,2020-11-27 08:19:00,2020-11-27 16:57:00
2020-11-28,2020-11-28 08:21:00,2020-11-28 16:56:00
2020-11-29,2020-11-29 08:22:00,2020-11-29 16:56:00
2020-11-30,2020-11-30 08:23:00,2020-11-30 16:55:00
2020-12-01,2020-12-01 08:25:00,2020-12-01 16:55:00
2020-12-02,2020-12-02 08:26:00,2020-12-02 16:54:00
2020-12-03,2020-12-03 08:27:00,2020-12-03 16:54:00
2020-12-04,2020-12-04 08:28:00,2020-12-04 16:53:00
2020-12-05,2020-12-05 08:30:00,2020-12-05 16:53:00
2020-12-06,2020-12-06 08:31:00,2020-12-06 16:53:00
2020-12-07,2020-12-07 08:32:00,2020-12-07 16:53:00
2020-12-08,2020-12-08 08:33:00,2020-12-08 16:52:00
2020-12-09,2020-12-09 08:34:00,2020-12-09 16:52:00
2020-12-10,2020-12-10 08:35:00,2020-12-10 16:52:00
2020-12-11,2020-12-11 08:36:00,2020-12-11 16:52:00
2020-12-12,2020-12-12 08:37:00,2020-12-12 16:52:00
2020-12-13,2020-12-13 08:38:00,2020-12-13 16:52:00
2020-12-14,2020-12-14 08:39:00,2020-12-14 16:52:00
2020-12-15,2020-12-15 08:39:00,2020-12-15 16:53:00
2020-12-16,2020-12-16 08:40:00,2020-12-16 16:53:00
2020-12-17,2020-12-17 08:41:00,2020-12-17 16:53:00
2020-12-18,2020-12-18 08:41:00,2020-12-18 16:53:00
2020-12-19,2020-12-19 08:42:00,2020-12-19 16:54:00
2020-12-20,2020-12-20 08:43:00,2020-12-20 16:54:00
2020-12-21,2020-12-21 08:43:00,2020-12-21 16:55:00
2020-12-22,2020-12-22 08:44:00,2020-12-22 16:55:00
2020-12-23,2020-12-23 08:44:00,2020-12-23 16:56:00
2020-12-24,2020-12-24 08:44:00,2020-12-24 16:56:00
2020-12-25,2020-12-25 08:45:00,2020-12-25 16:57:00
2020-12-26,2020-12-26 08:45:00,2020-12-26 16:58:00
2020-12-27,2020-12-27 08:45:00,2020-12-27 16:59:00
2020-12-28,2020-12-28 08:45:00,2020-12-28 16:59:00
2020-12-29,2020-12-29 08:46:00,2020-12-29 17:00:00
2020-12-30,2020-12-30 08:46:00,2020-12-30 17:01:00
2020-12-31,2020-12-31 08:46:00,2020-12-31 17:02:00
2021-01-01,2021-01-01 08:46:00,2021-01-01 17:03:00
2021-01-02,2021-01-02 08:46:00,2021-01-02 17:04:00
2021-01-03,2021-01-03 08:45:00,2021-01-03 17:05:00
2021-01-04,2021-01-04 08:45:00,2021-01-04 17:06:00
2021-01-05,2021-01-05 08:45:00,2021-01-05 17:07:00
2021-01-06,2021-01-06 08:45:00,2021-01-06 17:09:00
2021-01-07,2021-01-07 08:45:00,2021-01-07 17:10:00
2021-01-08,2021-01-08 08:44:00,2021-01-08 17:11:00
2021-01-09,2021-01-09 08:44:00,2021-01-09 17:12:00
2021-01-10,2021-01-10 08:43:00,2021-01-10 17:14:00
2021-01-11,2021-01-11 08:43:00,2021-01-11 17:15:00
2021-01-12,2021-01-12 08:42:00,2021-01-12 17:16:00
2021-01-13,2021-01-13 08:42:00,2021-01-13 17:18:00
2021-01-14,2021-01-14 08:41:00,2021-01-14 17:19:00
2021-01-15,2021-01-15 08:40:00,2021-01-15 17:20:00
2021-01-16,2021-01-16 08:39:00,2021-01-16 17:22:00
2021-01-17,2021-01-17 08:39:00,2021-01-17 17:23:00
2021-01-18,2021-01-18 08:38:00,2021-01-18 17:25:00
2021-01-19,2021-01-19 08:37:00,2021-01-19 17:26:00
2021-01-20,2021-01-20 08:36:00,2021-01-20 17:28:00
2021-01-21,2021-01-21 08:35:00,2021-01-21 17:29:00
2021-01-22,2021-01-22 08:34:00,2021-01-22 17:31:00
2021-01-23,2021-01-23 08:33:00,2021-01-23 17:33:00
2021-01-24,2021-01-24 08:32:00,2021-01-24 17:34:00
2021-01-25,2021-01-25 08:31:00,2021-01-25 17:36:00
2021-01-26,2021-01-26 08:30:00,2021-01-26 17:37:00
2021-01-27,2021-01-27 08:29:00,2021-01-27 17:39:00
2021-01-28,2021-01-28 08:27:00,2021-01-28 17:41:00
2021-01-29,2021-01-29 08:26:00,2021-01-29 17:42:00
2021-01-30,2021-01-30 08:25:00,2021-01-30 17:44:00
2021-01-31,2021-01-31 08:23:00,2021-01-31 17:45:00
2021-02-01,2021-02-01 08:22:00,2021-02-01 17:47:00
2021-02-02,2021-02-02 08:21:00,2021-02-02 17:49:00
2021-02-03,2021-02-03 08:19:00,2021-02-03 17:50:00
2021-02-04,2021-02-04 08:18:00,2021-02-04 17:52:00
2021-02-05,2021-02-05 08:16:00,2021-02-05 17:54:00
2021-02-06,2021-02-06 08:15:00,2021-02-06 17:55:00
2021-02-07,2021-02-07 08:13:00,2021-02-07 17:57:00
2021-02-08,2021-02-08 08:12:00,2021-02-08 17:59:00
2021-02-09,2021-02-09 08:10:00,2021-02-09 18:00:00
2021-02-10,2021-02-10 08:08:00,2021-02-10 18:02:00
2021-02-11,2021-02-11 08:07:00,2021-02-11 18:04:00
2021-02-12,2021-02-12 08:05:00,2021-02-12 18:05:00
2021-02-13,2021-02-13 08:03:00,2021-02-13 18:07:00
2021-02-14,2021-02-14 08:02:00,2021-02-14 18:09:00
2021-02-15,2021-02-15 07:59:00,2021-02-15 18:10:00
2021-02-16,2021-02-16 07:58:00,2021-02-16 18:12:00
2021-02-17,2021-02-17 07:56:00,2021-02-17 18:14:00
2021-02-18,2021-02-18 07:55:00,2021-02-18 18:15:00
2021-02-19,2021-02-19 07:53:00,2021-02-19 18:17:00
2021-02-20,2021-02-20 07:51:00,2021-02-20 18:18:00
2021-02-21,2021-02-21 07:49:00,2021-02-21 18:20:00
2021-02-22,2021-02-22 07:47:00,2021-02-22 18:22:00
2021-02-23,2021-02-23 07:45:00,2021-02-23 18:23:00
2021-02-24,2021-02-24 07:43:00,2021-02-24 18:25:00
2021-02-25,2021-02-25 07:42:00,2021-02-25 18:27:00
2021-02-26,2021-02-26 07:40:00,2021-02-26 18:28:00
2021-02-27,2021-02-27 07:38:00,2021-02-27 18:30:00
2021-02-28,2021-02-28 07:36:00,2021-02-28 18:31:00
2021-03-01,2021-03-01 07:34:00,2021-03-01 18:33:00
2021-03-02,2021-03-02 07:32:00,2021-03-02 18:34:00
2021-03-03,2021-03-03 07:30:00,2021-03-03 18:36:00
2021-03-04,2021-03-04 07:28:00,2021-03-04 18:38:00
2021-03-05,2021-03-05 07:26:00,2021-03-05 18:39:00
2021-03-06,2021-03-06 07:24:00,2021-03-06 18:41:00
2021-03-07,2021-03-07 07:22:00,2021-03-07 18:42:00
2021-03-08,2021-03-08 07:20:00,2021-03-08 18:44:00
2021-03-09,2021-03-09 07:18:00,2021-03-09 18:45:00
2021-03-10,2021-03-10 07:16:00,2021-03-10 18:47:00
2021-03-11,2021-03-11 07:14:00,2021-03-11 18:49:00
2021-03-12,2021-03-12 07:11:00,2021-03-12 18:50:00
2021-03-13,2021-03-13 07:09:00,2021-03-13 18:52:00
2021-03-14,2021-03-14 07:07:00,2021-03-14 18:53:00
2021-03-15,2021-03-15 07:05:00,2021-03-15 18:55:00
2021-03-16,2021-03-16 07:03:00,2021-03-16 18:56:00
2021-03-17,2021-03-17 07:01:00,2021-03-17 18:58:00
2021-03-18,2021-03-18 06:59:00,2021-03-18 18:59:00
2021-03-19,2021-03-19 06:57:00,2021-03-19 19:01:00
2021-03-20,2021-03-20 06:55:00,2021-03-20 19:02:00
2021-03-21,2021-03-21 06:53:00,2021-03-21 19:04:00
2021-03-22,2021-03-22 06:51:00,2021-03-22 19:05:00
2021-03-23,2021-03-23 06:48:00,2021-03-23 19:07:00
2021-03-24,2021-03-24 06:46:00,2021-03-24 19:08:00
2021-03-25,2021-03-25 06:44:00,2021-03-25 19:10:00
2021-03-26,2021-03-26 06:42:00,2021-03-26 19:11:00
2021-03-27,2021-03-27 06:40:00,2021-03-27 19:13:00
2021-03-28,2021-03-28 07:38:00,2021-03-28 20:14:00
2021-03-29,2021-03-29 07:36:00,2021-03-29 20:16:00
2021-03-30,2021-03-30 07:34:00,2021-03-30 20:17:00
2021-03-31,2021-03-31 07:32:00,2021-03-31 20:19:00
2021-04-01,2021-04-01 07:30:00,2021-04-01 20:20:00
2021-04-02,2021-04-02 07:27:00,2021-04-02 20:22:00
2021-04-03,2021-04-03 07:25:00,2021-04-03 20:23:00
2021-04-04,2021-04-04 07:23:00,2021-04-04 20:25:00
2021-04-05,2021-04-05 07:21:00,2021-04-05 20:26:00
2021-04-06,2021-04-06 07:19:00,2021-04-06 20:28:00
2021-04-07,2021-04-07 07:17:00,2021-04-07 20:29:00
2021-04-08,2021-04-08 07:15:00,2021-04-08 20:31:00
2021-04-09,2021-04-09 07:13:00,2021-04-09 20:32:00
2021-04-10,2021-04-10 07:11:00,2021-04-10 20:34:00
2021-04-11,2021-04-11 07:09:00,2021-04-11 20:35:00
2021-04-12,2021-04-12 07:07:00,2021-04-12 20:37:00
2021-04-13,2021-04-13 07:05:00,2021-04-13 20:38:00
2021-04-14,2021-04-14 07:03:00,2021-04-14 20:40:00
2021-04-15,2021-04-15 07:01:00,2021-04-15 20:41:00
2021-04-16,2021-04-16 06:59:00,2021-04-16 20:43:00
2021-04-17,2021-04-17 06:57:00,2021-04-17 20:44:00
2021-04-18,2021-04-18 06:55:00,2021-04-18 20:46:00
2021-04-19,2021-04-19 06:53:00,2021-04-19 20:47:00
2021-04-20,2021-04-20 06:51:00,2021-04-20 20:49:00
2021-04-21,2021-04-21 06:50:00,2021-04-21 20:50:00
2021-04-22,2021-04-22 06:48:00,2021-04-22 20:52:00
2021-04-23,2021-04-23 06:46:00,2021-04-23 20:53:00
2021-04-24,2021-04-24 06:44:00,2021-04-24 20:55:00
2021-04-25,2021-04-25 06:42:00,2021-04-25 20:56:00
2021-04-26,2021-04-26 06:40:00,2021-04-26 20:57:00
2021-04-27,2021-04-27 06:39:00,2021-04-27 20:59:00
2021-04-28,2021-04-28 06:37:00,2021-04-28 21:00:00
2021-04-29,2021-04-29 06:35:00,2021-04-29 21:02:00
2021-04-30,2021-04-30 06:33:00,2021-04-30 21:03:00
2021-05-01,2021-05-01 06:32:00,2021-05-01 21:05:00
2021-05-02,2021-05-02 06:30:00,2021-05-02 21:06:00
2021-05-03,2021-05-03 06:28:00,2021-05-03 21:08:00
2021-05-04,2021-05-04 06:27:00,2021-05-04 21:09:00
2021-05-05,2021-05-05 06:25:00,2021-05-05 21:11:00
2021-05-06,2021-05-06 06:23:00,2021-05-06 21:12:00
2021-05-07,2021-05-07 06:22:00,2021-05-07 21:13:00
2021-05-08,2021-05-08 06:20:00,2021-05-08 21:15:00
2021-05-09,2021-05-09 06:19:00,2021-05-09 21:16:00
2021-05-10,2021-05-10 06:17:00,2021-05-10 21:18:00
2021-05-11,2021-05-11 06:16:00,2021-05-11 21:19:00
2021-05-12,2021-05-12 06:15:00,2021-05-12 21:20:00
2021-05-13,2021-05-13 06:13:00,2021-05-13 21:22:00
2021-05-14,2021-05-14 06:12:00,2021-05-14 21:23:00
2021-05-15,2021-05-15 06:10:00,2021-05-15 21:24:00
2021-05-16,2021-05-16 06:09:00,2021-05-16 21:26:00
2021-05-17,2021-05-17 06:08:00,2021-05-17 21:27:00
2021-05-18,2021-05-18 06:07:00,2021-05-18 21:28:00
2021-05-19,2021-05-19 06:06:00,2021-05-19 21:30:00
2021-05-20,2021-05-20 06:04:00,2021-05-20 21:31:00
2021-05-21,2021-05-21 06:03:00,2021-05-21 21:32:00
2021-05-22,2021-05-22 06:02:00,2021-05-22 21:33:00
2021-05-23,2021-05-23 06:01:00,2021-05-23 21:34:00
2021-05-24,2021-05-24 06:00:00,2021-05-24 21:36:00
2021-05-25,2021-05-25 05:59:00,2021-05-25 21:37:00
2021-05-26,2021-05-26 05:58:00,2021-05-26 21:38:00
2021-05-27,2021-05-27 05:57:00,2021-05-27 21:39:00
2021-05-28,2021-05-28 05:56:00,2021-05-28 21:40:00
2021-05-29,2021-05-29 05:56:00,2021-05-29 21:41:00
2021-05-30,2021-05-30 05:55:00,2021-05-30 21:42:00
2021-05-31,2021-05-31 05:54:00,2021-05-31 21:43:00
2021-06-01,2021-06-01 05:53:00,2021-06-01 21:44:00
2021-06-02,2021-06-02 05:53:00,2021-06-02 21:45:00
2021-06-03,2021-06-03 05:52:00,2021-06-03 21:46:00
2021-06-04,2021-06-04 05:52:00,2021-06-04 21:47:00
2021-06-05,2021-06-05 05:51:00,2021-06-05 21:48:00
2021-06-06,2021-06-06 05:51:00,2021-06-06 21:49:00
2021-06-07,2021-06-07 05:50:00,2021-06-07 21:49:00
2021-06-08,2021-06-08 05:50:00,2021-06-08 21:50:00
2021-06-09,2021-06-09 05:49:00,2021-06-09 21:51:00
2021-06-10,2021-06-10 05:49:00,2021-06-10 21:51:00
2021-06-11,2021-06-11 05:49:00,2021-06-11 21:52:00
2021-06-12,2021-06-12 05:49:00,2021-06-12 21:53:00
2021-06-13,2021-06-13 05:49:00,2021-06-13 21:53:00
2021-06-14,2021-06-14 05:48:00,2021-06-14 21:54:00
2021-06-15,2021-06-15 05:48:00,2021-06-15 21:54:00
2021-06-16,2021-06-16 05:48:00,2021-06-16 21:55:00
2021-06-17,2021-06-17 05:48:00,2021-06-17 21:55:00
2021-06-18,2021-06-18 05:48:00,2021-06-18 21:55:00
2021-06-19,2021-06-19 05:49:00,2021-06-19 21:56:00
2021-06-20,2021-06-20 05:49:00,2021-06-20 21:56:00
2021-06-21,2021-06-21 05:49:00,2021-06-21 21:56:00
2021-06-22,2021-06-22 05:49:00,2021-06-22 21:56:00
2021-06-23,2021-06-23 05:49:00,2021-06-23 21:56:00
2021-06-24,2021-06-24 05:50:00,2021-06-24 21:56:00
2021-06-25,2021-06-25 05:50:00,2021-06-25 21:57:00
2021-06-26,2021-06-26 05:50:00,2021-06-26 21:56:00
2021-06-27,2021-06-27 05:51:00,2021-06-27 21:56:00
2021-06-28,2021-06-28 05:51:00,2021-06-28 21:56:00
2021-06-29,2021-06-29 05:52:00,2021-06-29 21:56:00
2021-06-30,2021-06-30 05:53:00,2021-06-30 21:56:00
2021-07-01,2021-07-01 05:53:00,2021-07-01 21:56:00
2021-07-02,2021-07-02 05:54:00,2021-07-02 21:55:00
2021-07-03,2021-07-03 05:54:00,2021-07-03 21:55:00
2021-07-04,2021-07-04 05:55:00,2021-07-04 21:55:00
2021-07-05,2021-07-05 05:56:00,2021-07-05 21:54:00
2021-07-06,2021-07-06 05:57:00,2021-07-06 21:54:00
2021-07-07,2021-07-07 05:58:00,2021-07-07 21:53:00
2021-07-08,2021-07-08 05:58:00,2021-07-08 21:53:00
2021-07-09,2021-07-09 05:59:00,2021-07-09 21:52:00
2021-07-10,2021-07-10 06:00:00,2021-07-10 21:51:00
2021-07-11,2021-07-11 06:01:00,2021-07-11 21:51:00
2021-07-12,2021-07-12 06:02:00,2021-07-12 21:50:00
2021-07-13,2021-07-13 06:03:00,2021-07-13 21:49:00
2021-07-14,2021-07-14 06:04:00,2021-07-14 21:48:00
2021-07-15,2021-07-15 06:05:00,2021-07-15 21:48:00
2021-07-16,2021-07-16 06:06:00,2021-07-16 21:47:00
2021-07-17,2021-07-17 06:07:00,2021-07-17 21:46:00
2021-07-18,2021-07-18 06:08:00,2021-07-18 21:45:00
2021-07-19,2021-07-19 06:10:00,2021-07-19 21:44:00
2021-07-20,2021-07-20 06:11:00,2021-07-20 21:43:00
2021-07-21,2021-07-21 06:12:00,2021-07-21 21:42:00
2021-07-22,2021-07-22 06:13:00,2021-07-22 21:40:00
2021-07-23,2021-07-23 06:14:00,2021-07-23 21:39:00
2021-07-24,2021-07-24 06:15:00,2021-07-24 21:38:00
2021-07-25,2021-07-25 06:17:00,2021-07-25 21:37:00
2021-07-26,2021-07-26 06:18:00,2021-07-26 21:36:00
2021-07-27,2021-07-27 06:19:00,2021-07-27 21:34:00
2021-07-28,2021-07-28 06:20:00,2021-07-28 21:33:00
2021-07-29,2021-07-29 06:22:00,2021-07-29 21:32:00
2021-07-30,2021-07-30 06:23:00,2021-07-30 21:30:00
2021-07-31,2021-07-31 06:24:00,2021-07-31 21:29:00
2021-08-01,2021-08-01 06:26:00,2021-08-01 21:27:00
2021-08-02,2021-08-02 06:27:00,2021-08-02 21:26:00
2021-08-03,2021-08-03 06:28:00,2021-08-03 21:24:00
2021-08-04,2021-08-04 06:30:00,2021-08-04 21:23:00
2021-08-05,2021-08-05 06:31:00,2021-08-05 21:21:00
2021-08-06,2021-08-06 06:32:00,2021-08-06 21:20:00
2021-08-07,2021-08-07 06:34:00,2021-08-07 21:18:00
2021-08-08,2021-08-08 06:35:00,2021-08-08 21:16:00
2021-08-09,2021-08-09 06:37:00,2021-08-09 21:15:00
2021-08-10,2021-08-10 06:38:00,2021-08-10 21:13:00
2021-08-11,2021-08-11 06:39:00,2021-08-11 21:11:00
2021-08-12,2021-08-12 06:41:00,2021-08-12 21:10:00
2021-08-13,2021-08-13 06:42:00,2021-08-13 21:08:00
2021-08-14,2021-08-14 06:44:00,2021-08-14 21:06:00
2021-08-15,2021-08-15 06:45:00,2021-08-15 21:04:00
2021-08-16,2021-08-16 06:46:00,2021-08-16 21:02:00
2021-08-17,2021-08-17 06:48:00,2021-08-17 21:01:00
2021-08-18,2021-08-18 06:49:00,2021-08-18 20:59:00
2021-08-19,2021-08-19 06:51:00,2021-08-19 20:57:00
2021-08-20,2021-08-20 06:52:00,2021-08-20 20:55:00
2021-08-21,2021-08-21 06:53:00,2021-08-21 20:53:00
2021-08-22,2021-08-22 06:55:00,2021-08-22 20:51:00
2021-08-23,2021-08-23 06:56:00,2021-08-23 20:49:00
2021-08-24,2021-08-24 06:58:00,2021-08-24 20:47:00
2021-08-25,2021-08-25 06:59:00,2021-08-25 20:45:00
2021-08-26,2021-08-26 07:00:00,2021-08-26 20:43:00
2021-08-27,2021-08-27 07:02:00,2021-08-27 20:41:00
2021-08-28,2021-08-28 07:03:00,2021-08-28 20:39:00
2021-08-29,2021-08-29 07:05:00,2021-08-29 20:37:00
2021-08-30,2021-08-30 07:06:00,2021-08-30 20:35:00
2021-08-31,2021-08-31 07:08:00,2021-08-31 20:33:00
2021-09-01,2021-09-01 07:09:00,2021-09-01 20:31:00
2021-09-02,2021-09-02 07:10:00,2021-09-02 20:29:00
2021-09-03,2021-09-03 07:12:00,2021-09-03 20:27:00
2021-09-04,2021-09-04 07:13:00,2021-09-04 20:25:00
2021-09-05,2021-09-05 07:15:00,2021-09-05 20:23:00
2021-09-06,2021-09-06 07:16:00,2021-09-06 20:21:00
2021-09-07,2021-09-07 07:17:00,2021-09-07 20:19:00
2021-09-08,2021-09-08 07:19:00,2021-09-08 20:17:00
2021-09-09,2021-09-09 07:20:00,2021-09-09 20:15:00
2021-09-10,2021-09-10 07:22:00,2021-09-10 20:13:00
2021-09-11,2021-09-11 07:23:00,2021-09-11 20:10:00
2021-09-12,2021-09-12 07:24:00,2021-09-12 20:08:00
2021-09-13,2021-09-13 07:26:00,2021-09-13 20:06:00
2021-09-14,2021-09-14 07:27:00,2021-09-14 20:04:00
2021-09-15,2021-09-15 07:29:00,2021-09-15 20:02:00
2021-09-16,2021-09-16 07:30:00,2021-09-16 19:59:00
2021-09-17,2021-09-17 07:32:00,2021-09-17 19:58:00
2021-09-18,2021-09-18 07:33:00,2021-09-18 19:56:00
2021-09-19,2021-09-19 07:34:00,2021-09-19 19:53:00
2021-09-20,2021-09-20 07:36:00,2021-09-20 19:51:00
2021-09-21,2021-09-21 07:37:00,2021-09-21 19:49:00
2021-09-22,2021-09-22 07:39:00,2021-09-22 19:47:00
2021-09-23,2021-09-23 07:40:00,2021-09-23 19:45:00
2021-09-24,2021-09-24 07:42:00,2021-09-24 19:43:00
2021-09-25,2021-09-25 07:43:00,2021-09-25 19:41:00
2021-09-26,2021-09-26 07:44:00,2021-09-26 19:39:00
2021-09-27,2021-09-27 07:46:00,2021-09-27 19:36:00
2021-09-28,2021-09-28 07:47:00,2021-09-28 19:34:00
2021-09-29,2021-09-29 07:49:00,2021-09-29 19:32:00
2021-09-30,2021-09-30 07:50:00,2021-09-30 19:30:00
2021-10-01,2021-10-01 07:52:00,2021-10-01 19:28:00
2021-10-02,2021-10-02 07:53:00,2021-10-02 19:26:00
2021-10-03,2021-10-03 07:55:00,2021-10-03 19:24:00
2021-10-04,2021-10-04 07:56:00,2021-10-04 19:22:00
2021-10-05,2021-10-05 07:58:00,2021-10-05 19:20:00
2021-10-06,2021-10-06 07:59:00,2021-10-06 19:18:00
2021-10-07,2021-10-07 08:00:00,2021-10-07 19:16:00
2021-10-08,2021-10-08 08:02:00,2021-10-08 19:13:00
2021-10-09,2021-10-09 08:03:00,2021-10-09 19:11:00
2021-10-10,2021-10-10 08:05:00,2021-10-10 19:09:00
2021-10-11,2021-10-11 08:06:00,2021-10-11 19:07:00
2021-10-12,2021-10-12 08:08:00,2021-10-12 19:05:00
2021-10-13,2021-10-13 08:10:00,2021-10-13 19:03:00
2021-10-14,2021-10-14 08:11:00,2021-10-14 19:01:00
2021-10-15,2021-10-15 08:13:00,2021-10-15 18:59:00
2021-10-16,2021-10-16 08:14:00,2021-10-16 18:57:00
2021-10-17,2021-10-17 08:16:00,2021-10-17 18:56:00
2021-10-18,2021-10-18 08:17:00,2021-10-18 18:54:00
2021-10-19,2021-10-19 08:19:00,2021-10-19 18:52:00
2021-10-20,2021-10-20 08:20:00,2021-10-20 18:50:00
2021-10-21,2021-10-21 08:22:00,2021-10-21 18:48:00
2021-10-22,2021-10-22 08:23:00,2021-10-22 18:46:00
2021-10-23,2021-10-23 08:25:00,2021-10-23 18:44:00
2021-10-24,2021-10-24 08:26:00,2021-10-24 18:42:00
2021-10-25,2021-10-25 08:28:00,2021-10-25 18:41:00
2021-10-26,2021-10-26 08:30:00,2021-10-26 18:39:00
2021-10-27,2021-10-27 08:31:00,2021-10-27 18:37:00
2021-10-28,2021-10-28 08:33:00,2021-10-28 18:35:00
2021-10-29,2021-10-29 08:34:00,2021-10-29 18:34:00
2021-10-30,2021-10-30 08:36:00,2021-10-30 18:32:00
2021-10-31,2021-10-31 07:38:00,2021-10-31 17:30:00
2021-11-01,2021-11-01 07:39:00,2021-11-01 17:29:00
2021-11-02,2021-11-02 07:41:00,2021-11-02 17:27:00
2021-11-03,2021-11-03 07:42:00,2021-11-03 17:25:00
2021-11-04,2021-11-04 07:44:00,2021-11-04 17:24:00
2021-11-05,2021-11-05 07:46:00,2021-11-05 17:22:00
2021-11-06,2021-11-06 07:47:00,2021-11-06 17:21:00
2021-11-07,2021-11-07 07:49:00,2021-11-07 17:19:00
2021-11-08,2021-11-08 07:50:00,2021-11-08 17:18:00
2021-11-09,2021-11-09 07:52:00,2021-11-09 17:16:00
2021-11-10,2021-11-10 07:53:00,2021-11-10 17:15:00
2021-11-11,2021-11-11 07:55:00,2021-11-11 17:14:00
2021-11-12,2021-11-12 07:57:00,2021-11-12 17:12:00
2021-11-13,2021-11-13 07:58:00,2021-11-13 17:11:00
2021-11-14,2021-11-14 07:59:00,2021-11-14 17:10:00
2021-11-15,2021-11-15 08:01:00,2021-11-15 17:09:00
2021-11-16,2021-11-16 08:03:00,2021-11-16 17:08:00
2021-11-17,2021-11-17 08:04:00,2021-11-17 17:06:00
2021-11-18,2021-11-18 08:06:00,2021-11-18 17:05:00
2021-11-19,2021-11-19 08:07:00,2021-11-19 17:04:00
2021-11-20,2021-11-20 08:09:00,2021-11-20 17:03:00
2021-11-21,2021-11-21 08:10:00,2021-11-21 17:02:00
2021-11-22,2021-11-22 08:12:00,2021-11-22 17:01:00
2021-11-23,2021-11-23 08:13:00,2021-11-23 17:00:00
2021-11-24,2021-11-24 08:15:00,2021-11-24 16:59:00
2021-11-25,2021-11-25 08:16:00,2021-11-25 16:59:00
2021-11-26,2021-11-26 08:18:00,2021-11-26 16:58:00
2021-11-27,2021-11-27 08:19:00,2021-11-27 16:57:00
2021-11-28,2021-11-28 08:20:00,2021-11-28 16:57:00
2021-11-29,2021-11-29 08:22:00,2021-11-29 16:56:00
2021-11-30,2021-11-30 08:23:00,2021-11-30 16:55:00
2021-12-01,2021-12-01 08:24:00,2021-12-01 16:55:00
2021-12-02,2021-12-02 08:26:00,2021-12-02 16:54:00
2021-12-03,2021-12-03 08:27:00,2021-12-03 16:54:00
2021-12-04,2021-12-04 08:28:00,2021-12-04 16:53:00
2021-12-05,2021-12-05 08:29:00,2021-12-05 16:53:00
2021-12-06,2021-12-06 08:30:00,2021-12-06 16:53:00
2021-12-07,2021-12-07 08:32:00,2021-12-07 16:53:00
2021-12-08,2021-12-08 08:33:00,2021-12-08 16:52:00
2021-12-09,2021-12-09 08:34:00,2021-12-09 16:52:00
2021-12-10,2021-12-10 08:35:00,2021-12-10 16:52:00
2021-12-11,2021-12-11 08:36:00,2021-12-11 16:52:00
2021-12-12,2021-12-12 08:37:00,2021-12-12 16:52:00
2021-12-13,2021-12-13 08:37:00,2021-12-13 16:52:00
2021-12-14,2021-12-14 08:38:00,2021-12-14 16:52:00
2021-12-15,2021-12-15 08:39:00,2021-12-15 16:53:00
2021-12-16,2021-12-16 08:40:00,2021-12-16 16:53:00
2021-12-17,2021-12-17 08:41:00,2021-12-17 16:53:00
2021-12-18,2021-12-18 08:41:00,2021-12-18 16:53:00
2021-12-19,2021-12-19 08:42:00,2021-12-19 16:54:00
2021-12-20,2021-12-20 08:42:00,2021-12-20 16:54:00
2021-12-21,2021-12-21 08:43:00,2021-12-21 16:55:00
2021-12-22,2021-12-22 08:44:00,2021-12-22 16:55:00
2021-12-23,2021-12-23 08:44:00,2021-12-23 16:56:00
2021-12-24,2021-12-24 08:44:00,2021-12-24 16:56:00
2021-12-25,2021-12-25 08:45:00,2021-12-25 16:57:00
2021-12-26,2021-12-26 08:45:00,2021-12-26 16:58:00
2021-12-27,2021-12-27 08:45:00,2021-12-27 16:58:00
2021-12-28,2021-12-28 08:45:00,2021-12-28 16:59:00
2021-12-29,2021-12-29 08:46:00,2021-12-29 17:00:00
2021-12-30,2021-12-30 08:46:00,2021-12-30 17:01:00
2021-12-31,2021-12-31 08:46:00,2021-12-31 17:02:00
